Páginas principales,Clics,Impresiones,CTR,Posición
https://softdentalcare.com/,130,12645,1.03%,57.99
https://softdentalcare.com/index.php/about/,10,863,1.16%,5.79
https://softdentalcare.com/index.php/contact/,4,894,0.45%,18.31
https://softdentalcare.com/index.php/our-work-2/,1,555,0.18%,7.38
https://softdentalcare.com/index.php/single-tooth-implant/,0,982,0%,73.8
https://softdentalcare.com/index.php/bonegraft/,0,948,0%,72.46
https://softdentalcare.com/index.php/dentalimplants/,0,362,0%,3.46
https://softdentalcare.com/index.php/privacy-policy-2/,0,3,0%,9.33
https://softdentalcare.com/index.php/dental-implants/,0,1,0%,4
https://softdentalcare.com/index.php/appointment/,0,1,0%,6
https://softdentalcare.com/index.php/price-list/,0,1,0%,7