Consultas principales,Clics,Impresiones,CTR,Posición
cosmetic dentistry los algodones mexico,0,82,0%,43.34
dental implants los algodones mexico,0,48,0%,34.69
affordable dental care mexico,0,43,0%,56.86
dentist in los algodones,0,43,0%,63.44
dental implants los algodones,0,41,0%,43.29
bone augmentation,0,41,0%,79.59
dental implants in los algodones mexico,0,39,0%,50.51
dental implants los algodones mx,0,38,0%,36.16
los algodones dentist,0,36,0%,52.64
single implant,0,36,0%,64.47
soft dental,0,35,0%,19.83
dentists in algodones baja california,0,34,0%,82.32
dental care los algodones,0,32,0%,41.03
dental implants in algodones mexico,0,32,0%,44.94
cosmetic dentistry los algodones,0,29,0%,45.97
marietta dental care los algodones,0,28,0%,34.54
algodones mexico dentist,0,28,0%,52.21
single tooth dental implant,0,28,0%,83.82
dental bridges los algodones mexico,0,25,0%,52.08
dentists in los algodones,0,25,0%,61.16
simply dental mexico,0,24,0%,52.71
dentist los algodones mexico,0,24,0%,54.96
mexican dentists los algodones,0,24,0%,57.25
los algodones dentists,0,23,0%,56.74
dental implants algodones mexico,0,22,0%,43.45
single tooth implant,0,22,0%,88.5
softdentalcare.com,0,20,0%,1
grace dental mexico,0,19,0%,39.53
hygiene inside los algodones dental clinic,0,19,0%,43.74
cosmetic dentistry los algodones mx,0,18,0%,41.44
best dentist in algodones,0,18,0%,42.17
smile makeover los algodones mx,0,18,0%,43.72
tooth replacement los algodones,0,18,0%,44.89
bone augmentation in implant dentistry,0,18,0%,83.17
dentist algodones mexico,0,17,0%,63.71
dentist los algodones,0,16,0%,54.81
algodones mexico dentists,0,15,0%,55.73
dentist in algodones,0,15,0%,60.13
single dental implant,0,15,0%,73.4
dentist algodones,0,14,0%,60.57
desert dental care,0,13,0%,35.46
dental implants algodones,0,13,0%,41.85
dental bridges los algodones,0,12,0%,56.58
dentists algodones mexico,0,12,0%,58.33
dental solutions algodones mexico,0,11,0%,41.82
los algodones mexico dentist,0,11,0%,55.45
best dentist in los algodones,0,11,0%,61.27
top dentist los algodones,0,10,0%,43.2
alberta dental mexico,0,10,0%,51.5
full mouth dental implants los algodones mexico,0,10,0%,53.5
dental implant los algodones,0,9,0%,33.67
dental solutions mexico,0,9,0%,44.67
implant supported bridges los algodones mexico,0,9,0%,46.33
dentist in algodones mexico,0,9,0%,51.33
dentures los algodones mexico,0,9,0%,54.33
algodones dentists,0,9,0%,57.22
dental work in los algodones mexico,0,9,0%,63.33
jawbone augmentation procedure,0,9,0%,64.89
implants in algodones,0,8,0%,42.5
supreme dental clinic mexico,0,8,0%,43.75
best implant dentist in los algodones,0,8,0%,46.62
los algodones cosmetic dentistry,0,8,0%,48
dental bridges los algodones mx,0,8,0%,51.25
dental algodones mexico,0,8,0%,53
dental clinic in los algodones,0,8,0%,57.12
dentists los algodones mexico,0,8,0%,59.38
bone augmentation dental implants,0,8,0%,74.12
dentist in algodones baja california,0,8,0%,85.75
dental implant in los algodones,0,7,0%,55.86
dental treatments in los algodones,0,7,0%,63
single dental implants,0,7,0%,73.43
jaw bone augmentation,0,7,0%,75.29
all on six dental implants in los algodones,0,7,0%,78.71
soft dental clinic,0,6,0%,15
ciro dental los algodones,0,6,0%,32.33
smile makeover los algodones,0,6,0%,46.67
smile makeover los algodones mexico,0,6,0%,48.83
supreme dental mexico,0,6,0%,53
dentista en algodones,0,6,0%,53.33
what is a single tooth dental implant,0,6,0%,93
bone grafting los algodones mx,0,5,0%,38.2
restorative dentistry los algodones mx,0,5,0%,39.8
cosmetic dentistry baja california mexico,0,5,0%,40.4
simply dental los algodones,0,5,0%,44
alamo dental algodones mexico,0,5,0%,44.4
bone grafting los algodones mexico,0,5,0%,44.8
tooth extraction los algodones mx,0,5,0%,45.8
laser dentistry los algodones mx,0,5,0%,48.8
dental office los algodones,0,5,0%,49.2
affordable surgery in los algodones,0,5,0%,51.8
dentists algodones,0,5,0%,53.4
full mouth reconstruction los algodones mx,0,5,0%,55.4
surgery in los algodones baja california,0,5,0%,61.4
dentist in los algodones mexico,0,5,0%,69.6
single tooth dental implants,0,5,0%,76.2
jawbone augmentation before implants,0,5,0%,79.2
sof dental,0,4,0%,8.5
sinus lift los algodones mx,0,4,0%,28.5
general dentistry los algodones mx,0,4,0%,32.5
dental technology los algodones,0,4,0%,36.5
dental lab los algodones mx,0,4,0%,39.5
frenectomy los algodones,0,4,0%,39.5
teeth cleaning los algodones mx,0,4,0%,42.75
teeth in a day los algodones mexico,0,4,0%,45.25
best dentist in los algodones mexico,0,4,0%,46.25
who is the best dentist in algodones mexico,0,4,0%,47.5
los algodones dental care,0,4,0%,48
dental algodones,0,4,0%,49
dentists in algodones mexico,0,4,0%,49.25
periodontist los algodones mexico,0,4,0%,50.25
dentist los algodones mx,0,4,0%,51.75
tooth extraction los algodones mexico,0,4,0%,51.75
dentures in los algodones mexico,0,4,0%,53
dentists los algodones,0,4,0%,53.5
dental implants in los algodones,0,4,0%,54.25
implant bridge los algodones mexico,0,4,0%,54.25
same-day dentistry los algodones mexico,0,4,0%,55.25
dental clinic los algodones,0,4,0%,55.75
full mouth reconstruction los algodones,0,4,0%,56.75
marietta dental care tijuana mx,0,4,0%,61
dental clinics in los algodones,0,4,0%,62.25
bone augmentation in dentistry,0,4,0%,80.5
dental implant for one tooth,0,4,0%,87.5
softdental,0,3,0%,9.33
mario garibay,0,3,0%,16.67
soft care dental,0,3,0%,23.67
algodones dental care,0,3,0%,32
algodones dental implants,0,3,0%,32.67
dental technology los algodones mexico,0,3,0%,34
mejores dentistas en algodones mexico,0,3,0%,34.67
grace dental los algodones,0,3,0%,38.67
deep cleaning los algodones,0,3,0%,39.67
dental los algodones,0,3,0%,40.67
prosthodontics los algodones mx,0,3,0%,42.33
smile dental mexico,0,3,0%,42.67
dental clinics in algodones mexico,0,3,0%,44
simply dental algodones,0,3,0%,47.33
dentists in algodones,0,3,0%,47.67
los algodones mexico dentistas,0,3,0%,49
full mouth dental implants los algodones mx,0,3,0%,50.33
amazing dental care mexico,0,3,0%,50.67
dental los algodones mexico,0,3,0%,53
dental in los algodones,0,3,0%,54
dentista en algodones mexico,0,3,0%,54.33
dentistas en algodones,0,3,0%,57
deposito dental algodones,0,3,0%,57
full mouth reconstruction los algodones mexico,0,3,0%,57
scaling and root planing los algodones mexico,0,3,0%,61.67
dentistas en algodones mexico,0,3,0%,62.33
single teeth,0,3,0%,63.33
implant single tooth,0,3,0%,69
single tooth implants,0,3,0%,77
bone augmentation meaning,0,3,0%,82
trusted dental care,0,2,0%,18
trust dental care,0,2,0%,28.5
algodones dentist,0,2,0%,36.5
grace dental studio los algodones,0,2,0%,37.5
dental faq los algodones mx,0,2,0%,38
cosmetic & implant dentistry center los algodones,0,2,0%,40
soft touch dental freeport bahamas,0,2,0%,40.5
dental solutions algodones,0,2,0%,43
odonto soft care,0,2,0%,43.5
oasis dental algodones,0,2,0%,44.5
alamo dental algodones,0,2,0%,45.5
dental work in algodones mexico,0,2,0%,45.5
gum disease treatment los algodones mx,0,2,0%,45.5
oasis dental algodones mexico,0,2,0%,46.5
marietta dental care,0,2,0%,49
oasis dental mexico,0,2,0%,49
supreme dental los algodones mexico,0,2,0%,49
dentistas en los algodones,0,2,0%,50
best dentist in algodones mexico,0,2,0%,51
supreme dental los algodones,0,2,0%,51.5
dentist mexico los algodones,0,2,0%,52
wisdom teeth removal los algodones mx,0,2,0%,52
laser dentistry los algodones mexico,0,2,0%,53
smile crafters by algodones dental group,0,2,0%,53
dental exams los algodones mexico,0,2,0%,53.5
supreme dental,0,2,0%,53.5
mexico dentist algodones,0,2,0%,54.5
los algodones mexico dental implants,0,2,0%,55
smile crafters los algodones,0,2,0%,56
individual implant,0,2,0%,64
dentistry in los algodones,0,2,0%,65
trust dental care in tijuana,0,2,0%,66
marietta dental care tijuana,0,2,0%,68
bone augmentation procedures in implant dentistry,0,2,0%,71
bone augmentation upper jaw,0,2,0%,73.5
bone augmentation for dental implants,0,2,0%,77.5
dental implant one tooth,0,2,0%,79
single teeth replacement,0,2,0%,81.5
single tooth replacements,0,2,0%,81.5
what is bone augmentation in dentistry,0,2,0%,82
what is a single dental implant,0,2,0%,84.5
dental implants for one tooth,0,2,0%,85.5
single tooth replacement,0,2,0%,86
individual implants,0,2,0%,86.5
all on four,0,1,0%,1
best dentist in mexico for implants,0,1,0%,1
composite bonding mexico,0,1,0%,1
soft dental care,0,1,0%,1
softdentalcare clinic,0,1,0%,1
who does this,0,1,0%,3
"what dental clinics in mexico are most popular with u.s. patients for 
all-on-4 treatments?",0,1,0%,6
care soft dental,0,1,0%,7
superb dental care,0,1,0%,16
care one dental,0,1,0%,24
sota dental los algodones,0,1,0%,26
sofi dental care,0,1,0%,27
soft touch family dental,0,1,0%,27
mariposa dental care,0,1,0%,29
los algodones dental implants,0,1,0%,32
dental departures los algodones,0,1,0%,34
dental solutions los algodones,0,1,0%,34
dollar dental care,0,1,0%,38
sedation dentistry los algodones,0,1,0%,38
musgrave dentist,0,1,0%,40
cosmetic & implant dentistry center,0,1,0%,41
mauston dental,0,1,0%,41
west mobile dental care,0,1,0%,41
smile center algodones,0,1,0%,42
st thomas dental los algodones,0,1,0%,42
best dental implants in los algodones mexico,0,1,0%,43
circle dental algodones mexico,0,1,0%,43
best dentist algodones mexico,0,1,0%,44
godstone dental care,0,1,0%,44
smile center los algodones,0,1,0%,44
westgate dental practice,0,1,0%,44
dentists in los algodones mexico,0,1,0%,45
teeth whitening los algodones,0,1,0%,45
oasis dental los algodones mexico,0,1,0%,46
all-on-4 dental implants los algodones mexico,0,1,0%,47
fillings los algodones mexico,0,1,0%,47
los algodones mexico dentists,0,1,0%,47
supreme dental clinic,0,1,0%,47
dental offices in algodones mexico,0,1,0%,48
dentures in los algodones,0,1,0%,48
digital smile design clinics mexico city,0,1,0%,48
southern dental specialists & implant centre,0,1,0%,48
dentists in mexico near yuma,0,1,0%,49
oasis dental los algodones,0,1,0%,49
supreme dental algodones,0,1,0%,49
trust dental care tijuana,0,1,0%,49
"who is the best dentist in algodones, mexico",0,1,0%,49
cosmetic dentist los algodones,0,1,0%,50
museum street dental,0,1,0%,50
algodones dentist mexico,0,1,0%,51
signature care dental,0,1,0%,51
all-on-4 dental implants los algodones mx,0,1,0%,52
teeth whitening los algodones mexico,0,1,0%,53
soft touch dental portland,0,1,0%,54
westgate oral surgery,0,1,0%,54
soft touch dental gresham,0,1,0%,55
benton dentist,0,1,0%,56
comfort smiles,0,1,0%,56
los algodones mexico dental,0,1,0%,56
periodontist in algodones,0,1,0%,56
dental bonding los algodones mexico,0,1,0%,58
smile crafters,0,1,0%,58
dentistry los algodones,0,1,0%,60
best dentists in los algodones mexico,0,1,0%,61
plastic surgery in los algodones,0,1,0%,61
tooth extraction los algodones,0,1,0%,61
bone augmentation surgery,0,1,0%,62
hair implants in los algodones,0,1,0%,62
top 10 dentist in los algodones mexico,0,1,0%,62
list of dentists in los algodones,0,1,0%,63
single front tooth implant,0,1,0%,63
yuma dental mexico,0,1,0%,63
deep cleaning (scaling &amp; root planing) in mexico city,0,1,0%,64
dentistry mexico,0,1,0%,64
safe surgery in los algodones baja california,0,1,0%,64
soft care dental group,0,1,0%,64
soft care dental special care,0,1,0%,64
care smile center los algodones,0,1,0%,65
grace dental llc,0,1,0%,65
best dentists in los algodones,0,1,0%,66
dental office in mexico,0,1,0%,66
single tooth,0,1,0%,67
dentist middleton,0,1,0%,68
soft touch dental springfield,0,1,0%,68
individual dental implants,0,1,0%,69
single implant tooth,0,1,0%,70
soft touch dental san diego,0,1,0%,70
tooth single,0,1,0%,71
soft touch dentistry of portland,0,1,0%,72
1 tooth implant,0,1,0%,75
teeth single,0,1,0%,75
bone augmentation in oral implantology,0,1,0%,76
dental implant single,0,1,0%,76
moda dental,0,1,0%,76
bone augmentation for dental implant,0,1,0%,80
dental implants single tooth,0,1,0%,80
augmentation bone,0,1,0%,81
cosmetic dentistry in mexico city,0,1,0%,81
dentist westgate,0,1,0%,81
can i get one tooth implant,0,1,0%,82
dr mousavi dentist,0,1,0%,82
dental implants for single tooth,0,1,0%,83
bone graft augmentation,0,1,0%,84
single molar,0,1,0%,84
bone replacement,0,1,0%,85
single tooth implant procedure,0,1,0%,85
bone augmentation procedure,0,1,0%,86
dental bone augmentation procedure,0,1,0%,86
what is a single tooth implant,0,1,0%,86
bone implants,0,1,0%,89
moss street dental,0,1,0%,89
bone augmentation dental implant,0,1,0%,90
soft odonto,0,1,0%,90
single tooth implant with crown,0,1,0%,94
single-tooth implants,0,1,0%,94
softley dental,0,1,0%,97
single tooth dental implant procedure,0,1,0%,99